,title,runtime
2,Apaches,
3,Fire Chasers,
4,Castle of Stars,
12,Christiane Amanpour: Sex & Love Around the World,
20,Mak Cun,
21,Paul Hollywood's Big Continental Road Trip,
22,Satu Hari,
28,The Inmate,
29,Team Kaylie,
30,BONDING,
33,DRAGON PILOT: Hisone & Masotan,
43,The Hockey Girls,
45,Mobile Suit Gundam UC,
46,Monkey Twins,
51,When the Camellia Blooms,
54,Timeless Season,
56,The Last Kids on Earth,
57,Click for Murder,
67,Cabins in the Wild with Dick Strawbridge,
68,How to Live Mortgage Free with Sarah Beeny,
69,Inside The Freemasons,
72,Behind the Newsroom,
73,Boca Juniors Confidential,
76,Super Monsters Monster Party,
77,The Rise of Phoenixes,
78,Kabaneri of the Iron Fortress: The Battle of Unato,
89,If I were an Animal,
91,Loo Loo Kids: Johny & Friends Musical Adventures,
93,Transformers Rescue Bots Academy,
97,The Road to Calvary,
98,A Boy Name Flora A,
99,A House of Blocks,
101,FINAL FANTASY XIV Dad of Light,
102,Gurren Lagann,
104,LEGO Elves: Secrets of Elvendale,
105,Tip the Mouse,
108,Easy Fortune Happy Life,
111,Station Horizon,
112,The Fierce Wife,
114,The Year of Happiness and Love,
115,Witches: A Century of Murder,
116,Rhythm + Flow,
117,StoryBots Super Songs,
119,Legend Quest: Masters of Myth,
120,My Country: The New Age,
123,LOST SONG,
124,YG Future Strategy Office,
126,Violet Evergarden: Special,
128,Sleepless Society: Bedtime Wishes,
130,"Bring It On, Ghost",
131,Tomorrow with You,
137,Trailer Park Boys: Out of the Park: Europe,
138,"Wait, My Youth",
140,A Little Thing Called First Love,
143,Drug Squad: Costa del Sol,
144,Monzón: A Knockout Blow,
145,Nailed It! France,
146,Nailed It! Spain,
148,The Untamed,
150,Queens vs. Kings,
154,DreamWorks Spooky Stories: Volume 2,
156,Here to Heart,
157,The Liar,
159,The Day I Met El Chapo,
161,Botched Up Bodies,
162,Bringing Sexy Back,
163,Court Justice,
164,Diva Brides,
166,Horror Homes,
167,Kitten Rescuers,
168,License to Drill: Louisiana,
170,Monty Python Best Bits (mostly),
171,Monty Python's Almost the Truth,
173,Monty Python's Personal Best,
176,Best.Worst.Weekend.Ever.,
180,Mighty Little Bheem: Diwali,
181,MONKART,
183,THE UNLISTED,
184,Another Miss Oh,
185,Second 20s,
186,Footprints in the Sand,
187,In Laws,
189,Laws of Attraction,
190,Black Money Love,
191,Magical Andes,
193,Devlok with Devdutt Pattanaik,
194,Stunt Science,
196,Seven and Me,
197,DEATH NOTE,
198,Power Rangers Dino Super Charge,
200,Russell Peters vs. the World,
201,The Lies Within,
202,Ajaibnya Cinta,
203,Black Heart,
204,FIGHTWORLD,
207,Ordinary Heroes,
208,Salt Fat Acid Heat,
209,Beyblade Burst Turbo,
210,Ultramarine Magmell,
211,Blood Pact,
212,Nature's Great Events (2009),
213,The Blue Planet: A Natural History of the Oceans,
215,Chicago Typewriter,
219,Inmates,
220,Miniforce X,
221,Signal,
223,The Liar and His Lover,
224,Civilizations,
225,Earth's Natural Wonders: Life at the Extremes,
227,Kingdoms of the Sky,
228,Nature: Animals With Cameras,
229,Strong,
230,Three Wives One Husband,
232,City in the Sky,
234,Food: Delicious Science,
235,Great Yellowstone Thaw,
236,Justice in the City,
237,Nature's Great Race,
243,What She Put on the Table,
246,Chewin' the Fat,
251,Old Money,
255,Wakfu: The Quest for the Six Eliatrope Dofus,
259,The Queen of Flow,
264,Transfers,
266,P. King Duckling,
267,SCAMS,
268,Voice,
270,Qué pena tu serie,
275,Love and Fortune,
276,Akulah Balqis,
278,Sugar Rush Christmas,
279,The Charming Stepmom,
282,Lugar de Mulher,
284,Mythomaniac,
287,Minecraft: Story Mode,
288,Zona Rosa,
291,Strong Girl Bong-soon,
292,The Many Faces of Ito,
293,Trailer Park Boys: Out of the Park: USA,
294,Once Upon A Time In Lingjian Mountain,
296,Bright: The Music Videos,
297,Dino Girl Gauko,
300,Nobody's Looking,
301,Singapore Social,
302,Argon,
307,Bangkok Buddies,
308,Holiday Secrets,
309,Who Killed Little Gregory?,
310,Kulipari: Dream Walker,
311,Paap-O-Meter,
316,Miss Culinary,
317,No Time for Shame,
318,La Niña,
319,Candy Online,
320,Eternal Love,
328,At the Dolphin Bay,
329,I'm with the Band: Nasty Cherry,
330,Inheritors,
331,La Robe De Mariee Des Cieux,
333,My Sassy Girl,
336,Westside Story,
337,Beyblade Burst Evolution,
338,Chuck Chicken,
339,The Irregular at Magic High School,
340,The Method,
342,Oliver Stone's Untold History of the United States,
344,Maradona in Mexico,
346,W/ Bob & David,
348,The Beginning of Life: The Series,
351,Blazing Transfer Students,
354,A Year In Space,
356,Barbie Dreamhouse Adventures: Go Team Roberts,
358,Hello Ninja,
359,Maid-Sama!,
361,Vientos de agua,
362,We Are the Wave,
363,Calico Critters,
365,Girl from Nowhere,
366,The Great British Baking Show: The Beginnings,
367,My Life My Story,
370,The Golden Path,
375,Just You,
376,Love Around,
378,Love Me or Leave Me,
379,Love Now,
380,Away From Home,
381,Bibik-Bibikku,
382,Cinta 100KG,
383,Cinta Iris,
384,Cinta Si Wedding Planner,
385,Cinta Teruna Kimchi,
386,Secret of Success,
387,The Missing Menu,
388,Unchained Fate,
389,Abyss,
390,I Have a Script,
391,In the Bosom of a Thorn,
394,Miss Dynamite,
395,What Happens to My Family,
399,Killer Ratings,
401,Crime Diaries: Night Out,
410,Kiss The Series,
411,Something in the Rain,
412,Sotus The Series,
413,Thackeray,
414,Hyper HardBoiled Gourmet Report,
415,WHAT / IF,
418,12 Years Promise,
419,Beating Again,
421,Last,
422,Secret Affair,
423,This Is My Love,
425,American Experience: The Circus,
427,Behzat Ç.,
429,Highland: Thailand's Marijuana Awakening,
431,Dance & Sing with True,
433,1994,
436,Dennis and Gnasher Unleashed,
437,"Heidi, bienvenida a casa",
438,I Hear You,
439,Saint Seiya: The Lost Canvas,
441,Sin senos no hay paraíso,
444,The Defected,
447,Evil Genius,
451,The Princess Weiyoung,
454,The Kindness Diaries,
455,Anjaan: Special Crimes Unit,
456,Boys Over Flowers,
459,Love Rain,
460,Mere Papa Hero Hiralal,
461,Queens of Comedy,
463,Spiritual House,
464,Swami Baba Ramdev: The Untold Story,
466,A.I.C.O.,
469,Bangkok Love Stories: Hey You!,
471,Disappearance,
473,Immortals,
474,JoJo's Bizarre Adventure,
476,The Confrontation,
477,Bad Guys: Vile City,
479,American Crime Story: The People v. O.J. Simpson,
480,The Assassination of Gianni Versace,
481,Borderliner,
482,A Korean Odyssey,
485,"Bure Kaam Bura Natija, Kyun Bhai Chacha Haan Bhatija",
486,Dandy,
487,Th Eena Meena Deeka Chase Comedy Show,
494,The Murder Detectives,
495,Wild Alaska,
498,Pablo,
499,แผนร้ายนายเจ้าเล่ห์,
500,Rapture,
501,Trump: An American Dream,
502,I Am Me!,
503,Bitter Daisies,
505,The Terminal,
508,Ollie & Moon,
510,The Eagle of El-Se'eed,
512,Day and Night,
514,Charlie's Colorforms City,
515,Crime Diaries: The Candidate,
517,Most Beautiful Thing,
519,The 10 Sins,
520,Bo on the Go!,
521,Stay Tuned!,
523,Feb-09,
524,My Husband Won't Fit,
526,One-Punch Man,
530,Green Door,
535,Hotel Beau Séjour,
536,If I Hadn't Met You,
538,My Pride,
542,Khotey Sikkey,
545,Secret of the Nile,
547,Oscar's Oasis,
549,Ken Burns: The West,
550,More to Say,
551,The Land of Hypocrisy,
552,Children of the Whales,
553,A Man Called God,
555,Eugenie Nights,
556,This Evening,
557,Netflix Presents: The Characters,
559,One More Time,
564,ThirTEEN Terrors,
566,Darr Sabko Lagta Hai,
567,Mahi Way,
571,India: Nature's Wonderland,
574,NATURE: Natural Born Hustlers,
575,Servant of the People,
576,SuperNature: Wild Flyers,
578,Your lie in April,
579,My Only Love Song,
581,The Staircase,
582,Super Monsters Monster Pets,
584,YOM,
585,Bangkok Bachelors,
588,Malibu Rescue: The Series,
589,Churchill’s Secret Agents: The New Recruits,
591,Los 10 años de Peter Capusotto,
593,7SEEDS,
594,Exhibit A,
596,Super Bheem,
597,Tales of the City (1993),
598,The Chosen One,
599,Answer for Heaven,
602,Justin Time GO!,
604,Yoko,
606,Bolívar,
607,Melodies of Life - Born This Way,
609,Neon Genesis Evangelion,
610,The Vietnam War: A Film by Ken Burns and Lynn Novick,
612,Arthdal Chronicles,
614,The Homecoming,
615,Hibana: Spark,
617,Club de Cuervos Presents: The Ballad of Hugo Sánchez,
618,Encerrados,
619,Love Rhythms - Accidental Daddy,
620,Charité at War,
621,Kill la Kill,
622,Puella Magi Madoka Magica,
623,Somewhere Only We Know,
624,The Alcàsser Murders,
625,Unit 42,
626,True: Magical Friends,
627,True: Wonderful Wishes,
628,Awake: The Million Dollar Game,
634,28 Moons,
636,Man to Man,
637,My Little Baby,
638,Singles Villa,
641,Falsa identidad,
642,Gabru: Hip Hop Revolution,
644,Fear Files... Har Mod Pe Darr,
645,Jhansi Ki Rani,
647,Miniforce,
648,"Pablo Escobar, el patrón del mal",
649,Power Battle Watch Car,
650,Rab Se Sohna Isshq,
651,The Day Will Come,
655,72 Dangerous Places to Live,
656,Bob Ross: Beauty Is Everywhere,
657,Gentlemen and Gangsters,
658,Krishna Balram,
661,King’s War,
662,Qin Empire: Alliance,
663,The Legend of Bruce Lee,
664,NSU German History X,
665,In The Dark,
671,Reality of Dream,
672,Wet Hot American Summer,
673,7 (Seven),
675,Twelve Forever,
677,Smoking,
680,Love Your Garden,
681,Mary Portas: Secret Shopper,
682,Monty Don's French Gardens,
683,Monty Don's Italian Gardens,
685,Eurovision Song Contest,
686,My Hotter Half,
688,Sexy Central,
689,Amazing Interiors,
691,Jimmy: The True Story of a True Idiot,
692,The Most Beautiful Hands of Delhi,
693,DreamWorks How to Train Your Dragon Legends,
694,Bangkok Love Stories: Objects of Affection,
695,Bangkok Love Stories: Plead,
696,Designated Survivor: 60 Days,
697,​SAINT SEIYA: Knights of the Zodiac,
699,Rookie Historian Goo Hae-Ryung,
700,Camarón Revolution,
701,Ari Shaffir: Double Negative,
702,Unrequited Love,
704,Anohana: The Flower We Saw That Day,
706,GRANBLUE FANTASY the Animation,
707,Grizzy et les Lemmings,
708,Blood & Treasures,
710,Magi: Adventure of Sinbad,
711,Fatal Destiny,
712,Age Gap Love,
713,Ainsley Eats the Streets,
715,Encounters with Evil,
716,Extreme Engagement,
717,History's Greatest Hoaxes,
718,Luis Miguel - The Series,
719,Mega Food,
720,MegaTruckers,
722,One Spring Night,
723,PILI Fantasy: War of Dragons,
724,Taco Chronicles,
725,True Tunes,
726,Gonul,
729,DreamWorks Kung Fu Panda Awesome Secrets,
732,Molang,
733,Rabbids Invasion,
735,Stone Age,
736,Titipo Titipo,
737,Comedy High School,
738,46,
740,Barbie Life in the Dreamhouse,
746,Spice Up,
751,Yes We Can!,
757,The Future of Water,
759,Tundukkan Playboy Itu,
760,Devilman Crybaby,
762,Go! Go! Cory Carson,
764,See You in Time,
767,Retribution,
768,The Lady in Dignity,
769,Inside the Mossad,
771,The Making of Frozen Planet,
772,A Taiwanese Tale of Two Cities,
773,Juana Inés,
777,Examination of Conscience,
781,Prison Playbook,
784,The Traffickers,
786,Love and Hong Kong,
787,"Sex, Explained",
788,Thieves of the Wood,
790,Legends of Strength,
791,Memory Love,
792,Strongland,
796,Nailed It! Germany,
798,Şubat,
799,Handsome Siblings,
801,La Rosa de Guadalupe,
802,La Viuda Negra,
805,La Grande Chaumière Violette,
808,Back with the Ex,
811,Giri / Haji,
812,Jamtara - Sabka Number Ayega,
817,We're Lalaloopsy,
818,Because This Is My First Life,
819,Cells at Work!,
820,Chhota Bheem Kung Fu Dhamaka Series,
821,Live Up To Your Name,
823,"Nisman: The Prosecutor, the President, and the Spy",
824,Reply 1988,
827,The Bride of Habaek,
831,Fullmetal Alchemist,
832,Pokémon: Indigo League,
833,The Frozen Dead,
834,We Speak Dance,
835,A Good Wife,
836,An Innocent Mistake,
837,Ex-Boyfriend,
841,Who's the One,
842,Mighty Morphin Alien Rangers,
844,Power Rangers Dino Thunder,
852,Power Rangers RPM,
855,Power Rangers Super Megaforce,
856,Power Rangers Super Samurai,
861,Power Rangers: Megaforce,
862,Strawberry Shortcake: Berry Bitty Adventures,
864,Tientsin Mystic,
865,Nailed It! Mexico,
866,Unauthorized Living,
868,The Last of the Schmucks,
870,Hidden Worlds,
871,Live,
873,Tayee,
877,Romance is a bonus book,
879,Dueños del paraíso,
880,Attack on Titan,
882,The Sound of Your Heart,
888,Ken Burns: The Civil War,
889,Ken Burns: The Roosevelts: An Intimate History,
890,Prohibition: A Film by Ken Burns and Lynn Novick,
891,The War: A Film by Ken Burns and Lynn Novick,
896,마녀사냥,
899,Brave Miss World,
900,Love for Ten: Generation of Youth,
902,Kon Kon Kon,
905,The 43,
906,The Kirlian Frequency,
908,Powder,
909,Re:Mind,
910,Nightmare High,
914,White Nights,
916,Metallica: Some Kind of Monster,
917,Always a Witch,
918,Beast Legends,
919,Camp X,
920,Harold Shipman - Driven to Kill,
922,Lego Friends: Girls on a Mission,
923,Lo que la verdad esconde: El caso Asunta (Operacion Nenúfar),
924,My Tattoo Addiction,
925,Operation Gold Rush,
927,Sparta,
929,The Bible's Buried Secrets,
930,The Big Catch,
931,The Bomb Squad,
933,World's Busiest Cities,
936,Camelia la Texana,
939,Masha's Tales,
942,Four Seasons in Havana,
948,Astronomy Club: The Sketch Show,
949,Glow Up,
950,Teasing Master Takagi-san,
952,Three Days of Christmas,
953,Triad Princess,
957,V Wars,
960,The Prince of Tennis ~ Match! Tennis Juniors ~,
961,The Road to Love,
962,ARASHI's Diary -Voyage-,
963,Pucca: Love Recipe,
965,The Neighbor,
966,Yanxi Palace: Princess Adventures,
967,Conan Without Borders,
968,For the Win,
969,Inst@famous,
970,Slobby's World,
971,Bat Pat,
972,Dave Chappelle: Equanimity & The Bird Revelation,
980,The Disastrous Life of Saiki K.: Reawakened,
981,Pioneers: First Women Filmmakers*,
984,In Family We Trust,
987,Wadi,
991,Kevin Hart: Don’t F**k This Up,
996,The Bonfire of Destiny,
1000,Kurt Seyit & Sura,
1001,Mahmut & Meryem,
1005,Hi Score Girl,
1006,Stand Up and Away! with Brian Regan,
1007,Way Back into Love,
1008,Ninja Hattori,
1011,Demon's Path,
1012,Single Ladies Senior,
1013,72 Dangerous Animals: Latin America,
1017,Lion Pride,
1018,Love @ Seventeen,
1019,Perfume,
1022,Agent,
1027,Memories of the Alhambra,
1030,Twice Upon A Time,
1034,Ellen DeGeneres: Relatable,
1036,DreamWorks Holiday Classics,
1038,Call Me Francis,
1040,Cinderella and the Four Knights,
1041,Crash Landing on You,
1044,Sym-Bionic Titan,
1045,Anjaan: Rural Myths,
1046,Emogenius,
1049,Skin Wars: Fresh Paint,
1050,Winsanity,
1051,A.D. Kingdom and Empire,
1052,Beyblade: Metal Fusion,
1054,Cheuk Wan-Chi: Two Night Stand,
1055,Erased,
1058,Color of Woman,
1059,Goodbye My Wife,
1060,Happy And,
1061,Heaven's Garden,
1063,Ice Fantasy,
1065,K-POP Extreme Survival,
1066,Miss Panda & Mr. Hedgehog,
1069,Hymn of Death,
1075,Tokyo Trial,
1076,Back Street Girls -GOKUDOLS-,
1077,Dawai Asmara,
1078,Trotsky,
1080,Morphle,
1083,21 Sarfarosh: Saragarhi 1897,
1084,Black Butler,
1085,Haunted House,
1087,Man vs Wild with Sunny Leone,
1088,Atomic Puppet,
1089,Cheapest Weddings,
1090,Dhia Sofea,
1091,Kantaro: The Sweet Tooth Salaryman,
1092,Oggy and the Cockroaches,
1093,Padamu Aku Bersujud,
1094,The Jaime Maussan Show,
1098,Chill with Bob Ross,
1099,Gargantia on the Verdurous Planet,
1102,Nura: Rise of the Yokai Clan: Demon Capital,
1103,Refresh Man,
1108,The InBESTigators,
1112,Let's Eat 2,
1113,Let’s Eat,
1115,Reply 1994,
1116,Reply 1997,
1119,Enemigo íntimo,
1120,Pretty Man,
1121,On Children,
1122,Dino Hunt,
1124,Luo Bao Bei,
1125,Cathedral of the Sea,
1128,Undercover Law,
1130,CAROLE & TUESDAY,
1131,Styling Hollywood,
1134,The Good Bandit,
1135,Cocaine Coast,
1136,I AM A KILLER,
1137,Marching Orders,
1138,Be-Be-Bears,
1139,Chicken Soup for the Soul's Being Dad,
1141,El Cartel,
1142,El Cartel 2,
1143,GHOUL,
1145,The Drunk and on Drugs Happy Funtime Hour,
1148,Deadwind,
1149,Love Alarm,
1151,Hati Perempuan,
1152,Leo & Tig,
1153,Basketball or Nothing,
1156,Save Our Shelter,
1157,Marvel's The Defenders,
1159,Stay Here,
1162,45 rpm,
1163,Apache: The Life of Carlos Tevez,
1164,Better Than Us,
1165,Blue Exorcist,
1166,Diagnosis,
1167,Green Frontier,
1169,Victim Number 8,
1170,Cannon Busters,
1173,The Creative Indians,
1174,20 Minutes,
1175,Million Yen Women,
1176,Behind Enemy Lines,
1177,Happy Jail,
1178,Exclusive Edition,
1179,Glowing Embers,
1182,The Iron Lady,
1183,Tiffany Haddish Presents: They Ready,
1185,72 Dangerous Animals: Asia,
1186,Afflicted,
1187,All About the Washingtons,
1188,Khaani,
1189,Regiment Diaries,
1190,Sleepless Society: Nyctophobia,
1191,The Chefs' Line,
1192,Becoming Champions,
1193,Los tiempos de Pablo Escobar,
1195,The Could’ve-Gone-All-the-Way Committee,
1198,Close Your Eyes Before It’s Dark,
1199,Entangled,
1200,Everyday Miracles,
1201,Fartsa,
1204,"Have You Ever Fallen in Love, Miss Jiang?",
1205,Hogie the Globehopper,
1207,Locust,
1208,Love Storm,
1210,Surviving Escobar - Alias JJ,
1212,Winter Sun,
1218,La Esclava Blanca,
1219,Love Cuisine,
1221,Office Girls,
1222,Queen of No Marriage,
1223,The Prince Who Turns into a Frog,
1225,You're My Destiny,
1226,AMO,
1228,Time: The Kalief Browder Story,
1229,Troy,
1236,Possessed,
1237,Angel 'N' Devil,
1238,Hong Kong West Side Stories,
1240,K.O. One Re-act,
1241,K.O.3an Guo,
1242,KO One Return,
1244,Black Crows,
1247,President,
1248,What in the World Happened?,
1253,REA(L)OVE,
1255,Trio and a Bed,
1256,海的儿子,
1258,Street Food,
1259,The Hateful Eight: Extended Version,
1261,Fangbone,
1263,Nature's Great Events: Diaries,
1264,Planet Earth: The Complete Collection,
1267,A Love So Beautiful,
1268,Club Friday To Be Continued - Friend & Enemy,
1269,Club Friday To Be Continued - The Promise,
1271,KO One,
1273,My Dear Boy,
1274,Rilakkuma and Kaoru,
1276,The Adventures of Sonic the Hedgehog,
1277,The Chalet,
1278,The Honeymoon Stand Up Special,
1282,Bhaage Re Mann,
1285,Oddbods,
1288,Club Friday To Be Continued - My Beautiful Tomboy,
1290,"O-Negative, Love Can’t Be Designed",
1296,JingleKids,
1297,Kicko & Super Speedo,
1298,Midnight Misadventures With Mallika Dua,
1299,Peasants Rebellion,
1303,The Devil Is a Part-Timer!,
1306,Buddha,
1308,"Lady, la vendedora de rosas",
1313,Burned Cocoon,
1314,Fairy Tail,
1315,Khelti Hai Zindagi Aankh Micholi,
1316,Maharakshak: Aryan,
1320,Cyborg 009 VS Devilman,
1321,Yo-Kai Watch,
1326,Marvel's Iron Fist,
1329,Elite,
1336,Reboot: The Guardian Code,
1338,El Marginal,
1344,Locked Up,
1348,Resurrection: Ertugrul,
1349,VeggieTales in the House,
1355,Beauty & the Beast,
1356,The Adjusters,
1358,Mini Wolf,
1359,Silver Spoon,
1360,VeggieTales in the City,
1363,I'm Sorry,
1369,Shameless (U.S.),
1371,Marvel's Agents of S.H.I.E.L.D.,
1375,Scream,
1378,Robocar Poli,
1384,Kibaoh Klashers,
1391,KENGAN ASHURA,
1392,Midnight Diner: Tokyo Stories,
1393,Goldie & Bear,
1394,Flavorful Origins,
1395,Fate/EXTRA Last Encore,
1400,"ChuChu TV Kids Songs, Learning Videos & Bedtime Stories",
1405,The Hollywood Masters,
1408,Haters Back Off,
1411,Marvel's Daredevil,
1412,Project S The Series,
1416,Spirit Riding Free: Pony Tales,
1417,The House of Flowers,
1423,Octonauts,
1425,The Seven Deadly Sins,
1427,Vampire Knight,
1428,Edgar Rice Burroughs' Tarzan and Jane,
1432,The Hook Up Plan,
1433,YooHoo to the Rescue,
1435,Burnistoun,
1437,Limmy's Show!,
1442,Noddy Toyland Detective,
1444,Star Trek: Enterprise,
1448,Treehouse Detectives,
1450,Busted!,
1451,The Great British Baking Show: Holidays,
1452,Wild District,
1459,Meet the Adebanjos,
1460,F is for Family,
1461,Spy Kids: Mission Critical,
1463,Bleach,
1464,Kopitiam,
1468,Good Morning Call,
1470,The Crime,
1473,High Seas,
1486,Luna Petunia,
1487,Ponysitters Club,
1492,Chief of Staff,
1495,Glitter Force Doki Doki,
1498,Billy on the Street,
1500,CLANNAD,
1501,Haikyu!!,
1502,"Love, Chunibyo & Other Delusions!",
1504,Mobile Suit Gundam: Iron-Blooded Orphans,
1505,The Boulet Brothers Dragula,
1508,Follow This,
1516,Prince Jai Aur Dumdaar Viru,
1518,Kong: King of the Apes,
1520,My Next Guest Needs No Introduction With David Letterman,
1524,Cupcake & Dino - General Services,
1526,Total Drama,
1528,DC's Legends of Tomorrow,
1531,Mako Mermaids: An H2O Adventure,
1548,Nailed It,
1555,Ha Unlimited,
1557,The Mechanism,
1558,Code Geass: Lelouch of the Rebellion,
1561,Club Friday The Series 6,
1563,Hunter X Hunter (2011),
1568,Days We Stared at the Sun,
1571,ViR: The Robot Boy,
1575,Hoff the Record,
1584,Hyori's Bed & Breakfast,
1585,Ainori Love Wagon: Asian Journey,
1594,Outback Truckers,
1595,Angry Birds,
1598,Las muñecas de la mafia,
1602,Guru Aur Bhole,
1603,Larva Island,
1604,Sab Jholmaal Hai,
1605,The Disastrous Life of Saiki K.,
1606,Murder Maps,
1614,Scare Tactics,
1618,The Day My Butt Went Psycho!,
1624,Paquita Salas,
1626,Forest of Piano,
1628,Marvel's Luke Cage,
1630,Girls Incarcerated,
1631,Go! Live Your Way,
1633,Roonpi Secret Love,
1635,The Casketeers,
1639,Dinosaur King,
1641,Club Friday The Series 7,
1646,Danger Mouse: Classic Collection,
1648,Black Spot,
1649,El desconocido,
1652,Marvel's Jessica Jones,
1655,LEGO Friends: The Power of Friendship,
1657,March Comes in Like a Lion,
1658,The Sniffer,
1659,Mutant Busters,
1660,Off Camera,
1661,Pyaar Tune Kya Kiya,
1671,A Very Secret Service,
1672,SWORDGAI The Animation,
1674,LEGO Bionicle: The Journey to One,
1675,Kath and Kim,
1677,"Big Dreams, Small Spaces",
1684,Deep Undercover Collection,
1685,Fix It and Finish It,
1687,Luna Petunia: Return to Amazia,
1688,Origins Collection,
1691,La casa de papel,
1703,Bonus Family,
1704,"Nightmare Tenants, Slum Landlords",
1705,Mossad 101,
1708,Hatchimals | Adventures in Hatchtopia,
1709,Tayo the Little Bus,
1710,Zombie Dumb,
1711,NCIS,
1712,Being Mary Jane: The Series,
1714,El Barco,
1718,The Twilight Zone (Original Series),
1726,Call My Agent!,
1727,Anne with an E,
1728,The Ministry of Time,
1731,Club of Crows,
1732,Medici: Masters of Florence,
1734,Marvel's The Punisher,
1737,Friday Night Tykes,
1740,Soul Eater,
1750,Sin Senos sí Hay Paraíso,
1753,Saint Seiya,
1754,Border Security: America's Front Line,
1756,Rurouni Kenshin,
1758,COMEDIANS of the world,
1759,The Paper,
1761,Fullmetal Alchemist: Brotherhood,
1762,Huntik: Secrets and Seekers,
1765,Big Bad Beetleborgs,
1767,The Office (U.S.),
1774,Care Bears & Cousins,
1781,Suburra: Blood on Rome,
1784,Love Me As I Am,
1788,Club Friday The Series 8,
1790,Ugly Duckling,
1793,Dangerous Roads,
1795,LEGO Ninjago: Masters of Spinjitzu,
1799,Masha and the Bear,
1800,Under Arrest,
1801,The Furchester Hotel,
1808,From Dusk Till Dawn,
1810,Occupied,
1811,Top Grier,
1815,The Sound of Your Heart: Reboot,
1819,AJIN: Demi-Human,
1821,El señor de los Cielos,
1822,忍者ハットリくん,
1826,LAST HOPE,
1829,"Hello, My Twenties!",
1832,Cocomong,
1833,Scooby-Doo!: Mystery Incorporated,
1834,What's New Scooby-Doo?,
1839,Reggie Yates Outside Man,
1841,InuYasha,
1844,Fit for Fashion,
1845,Inside the World’s Toughest Prisons,
1846,The Apartment,
1852,Knights of Sidonia,
1854,Space Jungle,
1858,Great Interior Design Challenge,
1859,The Great British Baking Show: Masterclass,
1861,Super Wings,
1862,TURN: Washington's Spies,
1863,Cable Girls,
1865,IZombie,
1867,Jane The Virgin,
1869,Ever After High,
1870,Abnormal Summit,
1871,Chef & My Fridge,
1876,Ultimate Beastmaster México,
1877,Mighty Little Bheem,
1878,The Great British Baking Show,
1882,Droppin' Cash: Los Angeles,
1886,Glitter Force,
1888,13 Reasons Why: Beyond the Reasons,
1889,HERO MASK,
1890,Gomorrah,
1898,Dinotrux,
1900,MINDHUNTER,
1906,Age of Glory,
1918,Men on a Mission,
1924,Roman Empire: Reign of Blood,
1925,Spirit: Riding Free,
1927,BAKI,
1929,Ash vs. Evil Dead,
1930,Señora Acero,
1931,Goodnight DJ 1,
1932,Mar de Plástico,
1933,"Rica, Famosa, Latina",
1935,Beauty and the Bitches,
1937,The Mr. Peabody and Sherman Show,
1938,The Cravings,
1941,Pororo - The Little Penguin,
1946,Psiconautas,
1947,The Minimighty Kids,
1949,Leyla and Mecnun,
1955,Pokémon the Series,
1959,Gunslinger Girl,
1962,La Familia P. Luche,
1963,The Adventures of Figaro Pho,
1964,Kikoriki,
1967,A Young Doctor's Notebook and Other Stories,
